nct_id,brief_title,eligible,country,city
NCT07341191,Sonrotoclax Plus Zanubrutinib in Patients With Relapsed/Refractory Mantle Cell Lymphoma Planned for Standard of Care CAR-T Cell Therapy,no,Canada,Toronto
NCT06378190,Treatment of Relapsed or Refractory B-cell Lymphoma With Chimeric Antigen Receptor (CAR) T-cell Therapy Produced by a New Technology,no,Spain,Barcelona
NCT06934382,Anti-CD7 CAR-T Cells in Relapsed/Refractory T-Cell Acute Lymphoblastic Leukemia or Lymphoma,no,United States,Philadelphia
NCT07410494,Biomarker-Guided Allogeneic Single-Target or Dual-Target CAR-NK Cell Therapy for Advanced Solid Tumors,no,China,Beijing
NCT06541327,Cellular Immunotherapy for Relapsed or Refractory Lymphoma Data Collection,no,China,Shanghai
NCT07057765,"Predictive Value of CRP, Albumin, CAR, and mGPS in Treatment Outcomes of DLBCL",no,Egypt,Cairo
NCT05800405,Evaluation of Bridging Radiation Therapy Before CAR T-Cell Infusion for the Treatment of Relapsed or Refractory Large B-Cell Lymphoma,no,United States,Duarte
NCT02981628,Inotuzumab Ozogamicin in Treating Younger Patients With B-Lymphoblastic Lymphoma or Relapsed or Refractory CD22 Positive B Acute Lymphoblastic Leukemia,no,United States,Dallas
NCT06528301,A Phase 1 Study of UB-VV111 With and Without Rapamycin in Relapsed/Refractory CD19+ B-cell Malignancies,no,Australia,Fitzroy
NCT05887167,Feasibility and Safety of Collecting and Combining Autologous Hematopoietic Stem Cells With Chimeric Antigen Receptor (CAR) T-Cell Therapy in Subjects With Relapsed/Refractory Hematological Malignancies,no,United States,Los Angeles
NCT01853631,"Activated T-Cells Expressing 2nd or 3rd Generation CD19-Specific CAR, Advanced B-Cell NHL, ALL, and CLL (SAGAN)",yes,United States,Houston
NCT07319676,Antigen Targeted T Cell Therapy for Relapsed/Refractory B Cell Lymphomas,no,Singapore,Singapore
NCT05371132,Study to Evaluate CD8 PET Imaging as a Marker of Immune Response to Stereotactic Body Radiation Therapy (ELIXR),no,United States,Duarte
NCT07236203,Predictive Factors for the Efficacy of CD19 CAR-T Therapy in Relapsed/Refractory Large B-Cell Lymphoma: A Clinical Study,no,China,Shanghai
NCT07097207,Efficacy and Safety of CD19CD20-CAR.p40-T in B-cell Lymphoma,no,China,Shenzhen
NCT05995028,Universal 4SCAR7U Targeting CD7-positive Malignancies,no,China,Shenzhen
NCT06788964,Loncastuximab Tesirine and Rituximab as Bridging Therapy Before Standard-of-care CAR-T Therapy in Patients With Large B-cell Lymphoma (CORAL),no,United States,Salt Lake City
NCT07361224,Investigator Initiated Study to Assess the Safety of Combination of CLS-015 With Anti-CD-19 CAR-T Cells in Patients With Stable/Progressive Large B Cell Lymphoma at Lymphodepletion.,no,Israel,Tel Aviv
NCT07456371,PIC1 Injection Therapy for Relapsed/Refractory B-NHL,no,China,Wuhan
NCT05554939,Allogenic CD19-targeting CAR-γδT Cell Therapy in R/R NHL,no,China,Beijing
NCT06462248,Anti-CD19 Chimeric Antigen Receptor Modified T-cell (CAR-T) Therapy for Treatment of B-cell Hematological Malignancies,no,China,Hong Kong
NCT06589089,Autologous Hematopoietic Stem Cell Boost Study After CAR-T Therapy,no,China,Shanghai
NCT04844866,Efficacy and Safety of MB-CART2019.1 vs. SoC in Lymphoma Patients,no,Spain,Barcelona
NCT07093073,Clinical Study of U01（ssCART-19） in Patients With B-Cell Lymphoma,no,China,Shanghai
NCT04989803,Study of KITE-363 or KITE-753 in Participants With Relapsed and/or Refractory B-cell Lymphoma,no,United Kingdom,London
NCT06271057,Golcadomide Post-CAR T-cell in R/R Aggressive Large B-cell Lymphoma Patients With High Risk of Relapse,no,France,Toulouse
NCT06918912,Study of Loncastuximab Tesirine in Patients With Relapsed/Refractory Diffuse Large B-Cell Lymphoma (DLBCL) or High-Grade B-Cell Lymphoma (HGBCL) Following CAR-T Therapy Failure,no,Italy,Cuneo
NCT07093411,Targeting CD19/CD20 Dual-targeted Cell in Patients With Relapsed/Refractory B-cell Non-Hodgkin Lymphoma,no,China,Hefei
NCT07609030,A Cognitive Training Intervention for Improving Cognitive and Neurological Outcomes in Patients Undergoing Treatment for Relapsed or Refractory Multiple Myeloma or B-cell Non-Hodgkin Lymphoma,no,United States,Columbus
NCT03666000,Dose-escalation and Dose-expansion Study of Safety of Azer-cel (PBCAR0191) in Participants With Relapsed/Refractory (r/r) Non-Hodgkin Lymphoma (NHL) and r/r B-cell Acute Lymphoblastic Leukemia (B-ALL),no,Australia,Liverpool
NCT05934448,Pembro Plus CAR T-cell Therapy in R/R in PMBCL,no,United States,Boston
NCT07284433,"Study of Allo-QuadCAR01-T, an Allogeneic CAR-T Targeting CD19/CD20, in Patients With Relapsed or Refractory B-Cell Malignancies",no,United States,Chicago
NCT06976437,A Clinical Study of Allogeneic CD19/BCMA CAR-T Cells for the Treatment of R/R B-cell Malignant Tumors,no,China,Zhenjiang
NCT06815029,Intracranial Genetically Modified Immune Cells (TGFβR2KO/IL13Rα2 CAR T-Cells) for the Treatment of Recurrent or Progressive Glioblastoma or Grade 3 or 4 IDH-Mutant Astrocytoma,no,United States,Duarte
NCT06784167,Vaccine Responses in Patient With Multiple Myeloma and Non-Hodgkin Lymphoma After CAR-T Treatment,no,United States,Portland
NCT04892277,CD19-Directed CAR-T Cell Therapy for the Treatment of Relapsed/Refractory B Cell Malignancies,no,United States,Rochester
NCT06635330,Safety and Efficacy of CAR T Cell Therapy in Patients with R/r B-ALL,no,Iran,Tehran
NCT07052305,"NT-I7 (Efineptakin Alfa), a Long-acting Human IL-7, Post-Axicabtagene Ciloleucel or Post-Lisocabtagene Maraleucel in Subjects With Relapsed/Refractory Large B-cell Lymphoma",no,United States,St Louis
NCT06481735,TCR Reserved and Power3 (SPPL3) Gene Knock-out Allogeneic CD19-targeting CAR-T Cell Therapy in r/r B-ALL,no,China,Tianjin
NCT04107285,Looking at Cognitive and Brain Changes in People With Lymphoma Receiving CAR-T Therapy,no,United States,New York
NCT06659653,Safety and Efficacy of PRG-2302 for Refractory or Relapsed B-cell Acute Lymphoblastic Leukemia Disease.,no,China,Jinzhou
NCT05905328,Study of CTO1681 for the Prevention and Treatment of CRS in DLBCL Patients Receiving CAR T-Cell Therapy,no,United States,Orange
NCT07361029,CD19 Chimeric Antigen Receptor (CAR) T Cells in Adults With Relapsed/Refractory CD19 Positive Acute Lymphoblastic Leukemia,no,Saudi Arabia,Riyadh
NCT05873712,Zanubrutinib and Lisocabtagene Maraleucel for the Treatment of Richter's Syndrome,no,United States,Salt Lake City
NCT07495631,Pediatric-Inspired Regimen Combined With Venetoclax and Immunotherapy for Adult Ph-Negative Acute Lymphoblastic Leukemia,no,China,Tianjin
NCT07072494,CD19 CAR-T Cell Infusion as Consolidation Therapy in Adolescent and Adult Patients With Acute B-ALL Ineligible for Allogeneic HSCT: A Clinical Study,no,China,Guangzhou
NCT05255354,"Optimizing ctDNA-based MRD Assessment in DLBCL, MCL, and FL Patients Undergoing CAR Therapy",no,United States,Palo Alto
NCT07564453,Full-course Immunotherapy Combined With Chemotherapy in Newly Diagnosed B-cell Acute Lymphoblastic Leukemia,no,China,Suzhou
NCT05679895,Safety and Efficacy of OC-1 Therapy in Patients With R/R T-ALL/LL,no,Spain,Barcelona
NCT06618313,"One Trial to Evaluate the Safety, Tolerability and Efficacy of JCXH-213 in Patients With r/r B-NHL",no,China,Beijing
NCT05528887,Study of CAR-T Cell Therapy in the Treatment of Relapsed/Refractory Hematological Malignancies,no,China,Ningbo
NCT06987916,Efficacy and Safety Evaluation of U01(ssCART-19) in B-Cell Lymphoma,no,China,Shanghai
NCT05748171,A Study to Learn More About the Study Medicine Called Inotuzumab Ozogamicin (InO) in Children (1 to <18 Years) With First Relapse ALL,no,Spain,Barcelona
NCT05618925,Study for Subjects With Relapsed/Refractory Non- Hodgkin Lymphoma,no,United States,Tyler
NCT07524816,Real World Practice With Academic Anti CD19 CAR-T Cell Therapy in Relapse/Refractory B-cell Lymphoma,no,Belarus,Lyasny
NCT03050268,Familial Investigations of Childhood Cancer Predisposition,yes,United States,Memphis
NCT07584889,Efficacy and Safety of CD19-CAR.p40-T in Patients With Relapsed/Refractory CD19-Positive Hematologic Malignancies,no,China,Shenzhen
NCT05535855,UCD19 CAR T Therapy in Adults With B-ALL and MRD Positivity in CR1,no,United States,Aurora
NCT07138547,GSL Synthetase Inhibitor Eliglustat Combined With CD30 Target Immunotherapy for the Treatment of of CD30+ Lymphoma,yes,China,Beijing
NCT05963217,"Study of TBI-2001(Autologous CD19 Specific Chimeric Antigen Receptor (CAR) Gene-transduced T Lymphocytes) for Relapsed or Refractory CD19+ B-cell Lymphoma, CLL/SLL",no,Canada,Toronto
NCT04881240,Study of CD19 Allogeneic Memory T-cell Therapy for Relapsed/Refractory CD19+ Leukemia,no,United States,Memphis
NCT06482684,CAR-T-cell Treatment for Untreated High Risk MANtle Cell Lymphoma,no,Germany,Munich
NCT05472558,Clinical Study of Cord Blood-derived CAR-NK Cells Targeting CD19 in the Treatment of Refractory/Relapsed B-cell NHL,no,China,Hanzhou
NCT07164560,Exploratory Study of Umbilical Cord Blood-Derived CAR-NK Cell Therapy Targeting TRBC1/2 for Relapsed/Refractory T-Cell Lymphoma,no,China,Hangzhou
NCT04684147,Clinical Trial of CNCT19 Cell Injection in the Treatment of Relapsed or Refractory Acute Lymphoblastic Leukemia,no,China,Shanghai
NCT05667506,A Study of CNCT19 Treatment in Children and Adolescent r/r ALL Patients(Pediatric),no,China,Nanjing
NCT05077527,Immune Cell Therapy (CAR-T) for the Treatment of Patients With HIV and B-Cell Non-Hodgkin Lymphoma,no,United States,Chicago
NCT07135466,A Phase 1/2 Study of T-cell Expressing an Anti-CD22 Chimeric-Antigen Receptor (SHB-04-CD22) in Patients With CD22-expressing B-cell Malignancies,no,Israel,Ramat Gan
NCT06346912,CD19-BAFF CAR-T Cells Therapy for Patients With Relapsed / Refractory B-cell ALL and B-cell NHL,no,China,Hangzhou
NCT05934838,A Feasibility Trial of Tazemetostat Plus CAR T Cell Therapy in B-cell Lymphomas,no,United States,New York
NCT06058858,"Incidence and Risks Factors of CMV Reactivation in Patients Receiving of CAR-T Cells for Acute Leukemia and Lymphoma Relapse, a Cohort Study Analysis",no,France,Paris
NCT06559189,CD19x22 Chimeric Antigen Receptor T-cell Therapy (CAR T) in Pediatric B-ALL,no,United States,Aurora
NCT07376642,"A Phase I/IIa, Open-label, Single-center, Dose-escalation and Dose-expansion Study to Evaluate the Safety, Tolerability, and Preliminary Efficacy of IMV101 as a Single Agent in Subjects With Relapsed/Refractory B-cell Non-Hodgkin Lymphoma",no,China,Hangzhou
NCT04662294,CD 70 CAR T for Patients With CD70 Positive Malignant Hematologic Diseases,no,China,Hangzhou
NCT06875063,GB5005 CART-cell Injection in the Treatment of Patients With CD19-positive RR B-NHL,no,China,Xiamen
NCT06352242,Is Trogocytosis a Predictive Marker of CAR-T Cell Response in Diffuse Large B-cell Lymphoma?,no,France,Montpellier
NCT06961669,"Intravenous Autologous CD19 CAR-T Cells for R/ R MM, B-ALL, and B-Cell Lymphoma",no,China,Hefei
NCT07257419,CD45RA-depleted CD19-CAR T Cell Consolidation After TCRαβ+/CD19 B Cell-depleted Haploidentical Hematopoietic Cell Transplantation for Relapsed/Refractory CD19+ ALL and Lymphoma,no,United States,Memphis
NCT06355739,CD19-targeted CAR T Cell Autotransfusion for the Treatment of Recurrent/Refractory B-cell Acute Lymphoblastic Leukemia/Lymphoblastic Lymphoma in Children With CD19+,no,China,Tianjin
NCT06430736,PRONTO Trial (PRophylactic Versus ON-demand Use of TOcilizumab),no,Switzerland,Bern
NCT05260957,"CAR-T Cell Therapy, Mosunetuzumab and Polatuzumab for Treatment of Refractory/Relapsed Aggressive Non-Hodgkin's Lymphoma (NHL).",no,United States,Miami
NCT05757219,Itacitinib Pre-modulation in DLBCL Receiving CAR T Cell Therapy,no,United States,Tampa
NCT05312801,Phase 1 Study of BAFF CAR-T Cells (LMY-920) for Non-Hodgkin Lymphoma,no,United States,Cleveland
NCT07479927,"Telematic Cognitive Training and Mindfulness in Pediatric Patients After CAR-T Cell Therapy, Single Hematopoietic Allogeneic Transplant or Chemotherapy",no,Spain,Madrid
NCT04162353,BCMA-CD19 cCAR in Multiple Myeloma and Plasmacytoid Lymphoma,no,China,Chengdu
NCT06735495,CD19 & CD22 Bispecific CAR T Cells in the Treatment of Relapsed/Refractory B Cell Hematologic Tumors,no,China,Wuhan
NCT04545762,Anti-CD19 Chimeric Antigen Receptor T Cells for Treatment of Relapsed or Refractory Non-Hodgkin Lymphoma,no,United States,San Francisco
NCT05950802,Optimizing lymphoDepletion to Improve Outcomes In Patients Receiving Cell Therapy With Yescarta,no,Canada,Toronto
NCT06755775,PET Imaging Targeting Granzyme B Predicts Immunotherapy Efficacy in Diffuse Large B-cell Lymphoma,no,China,Shanghai
NCT06307600,The Safety and Efficacy of RD06-03 CART Cell Injection in Patients With R/R Acute B-lymphoblastic Leukemia,no,China,Hefei
NCT06517004,"An Open-label, Single-arm Study of JWCAR201 in the Treatment of Relapsed or Refractory Diffuse Large B-cell Lymphoma",no,China,Shanghai
NCT05621291,A Study to Evaluate Next-Generation Sequencing (NGS) Testing and Monitoring of B-cell Recovery to Guide Management Following Chimeric Antigen Receptor T-cell (CART) Induced Remission in Children and Young Adults With B Lineage Acute Lymphoblastic Leu...,no,United States,Salt Lake City
NCT07620314,Safety and Efficacy of KSVCBD Injection in B-cell Non-Hodgkin's Lymphoma Expressing CD19 and/or BCMA,no,China,Beijing
NCT06176690,Constitutive IL7R (C7R) Modified Banked Allogeneic CD30.CAR EBVSTS for CD30-Positive Lymphomas,yes,United States,Houston
NCT06695013,Immunobridging/Maintenance Therapy Versus Non-bridging Therapy in CAR-T Therapy for Low-risk R/R B-NHL,no,China,Shanghai
NCT06826118,Axicabtagene Ciloleucel Injection in Patients With Relapsed/Refractory Follicular Lymphoma,no,China,Xiamen
NCT06364423,Anti-CD19 Chimeric Antigen Receptor T-Cell Immunotherapy for Leukemias,no,United States,Bethesda
NCT07106749,CD180 CART for Relapsed or Refractory CD180 Positive Hematologic Malignancies,no,China,Tianjin
NCT06156774,SARcopenia and Simplified Geriatric Assessment in Lymphoma Patients Undergoing CAR-T Cell Therapy: the FIL_SAR-CAR Project,no,Italy,Ancona
NCT07509450,Fecal Microbiota Transplantation in Patients Undergoing Chimeric Antigen Receptor T-cell Therapy and Allogeneic Stem Cell Transplant: A Pilot Study,no,Canada,Toronto
NCT05842707,Study of Cord Blood-derived CAR NK Cells Targeting CD19/CD70 in Refractory/Relapsed B-cell Non-Hodgkin Lymphoma,no,China,Shanghai
NCT05043571,CARTALL: Chimeric-Antigen Receptor (CAR) T-Cell Therapy for Relapsed/ Refractory T-Lineage Acute Lymphoblastic Leukaemia,no,Singapore,Singapore
NCT04318678,CD123-Directed T-Cell Therapy for Acute Myelogenous Leukemia (CATCHAML),no,United States,Memphis
NCT07137494,A Study of MB-CART19.1 Cellular Therapy for People With Central Nervous System Lymphoma (CNSL),no,United States,Commack
NCT06350994,Early Assessment of Cardiac Function After Treatment With CAR-T Cells,no,France,Paris
NCT06850285,CD30 CAR-T in the Treatment of CD30 Positive Relapsed/Refractory Lymphoma,no,China,Taiyuan
NCT06316427,Autologous and Donor-derived CD7 CAR-T Therapy in Refractory or Relapsed T-cell Malignancies,no,China,Chengdu
NCT06479356,CD19-targeted CAR T Cells for Relapsed or Refractory (R/R) Large B-cell Lymphoma,yes,China,Tianjin
NCT07368270,Safety and Efficacy Study of Anti-PD1 Armored CD19 CAR-T Cells in Adult Subjects With Relapsed or Refractory Diffuse Large B-cell Lymphoma,no,China,Suzhou
NCT06136364,CD7 CAR-T in Adults With Relapsed or Refractory T-LBL/ALL Clinical Study,no,China,Shanghai
NCT04544592,UCD19 CarT in Treatment of Pediatric B-ALL and B-NHL,yes,United States,Aurora
NCT07248163,Universal CAR-T Cell Therapy for NHL,no,China,Shanghai
NCT06890065,JY231(JY231) Injection for the Treatment of Relapsed/Refractory B Cell Lymphoma/ Leukemia,no,China,Zhengzhou
NCT03690011,Cell Therapy for High Risk T-Cell Malignancies Using CD7-Specific CAR Expressed On Autologous T Cells,no,United States,Houston
NCT03676504,Treatment of Patients With Relapsed or Refractory CD19+ Lymphoid Disease With T Cells Expressing a Third-generation CAR,no,Germany,Heidelberg
NCT06064903,CD7-CAR-T Cells in Pediatric Relapsed/Refractory CD7+ T-ALL/LL,no,Italy,Rome
NCT06002659,CAR20(NAP)-T Therapy for B Cell Lymphoma (CARMA-01 Study),no,Sweden,Stockholm
NCT05801913,Genetically Modified T-cells (CMV-Specific CD19-CAR T-cells) Plus a Vaccine (CMV-MVA Triplex) for the Treatment of Intermediate or High Grade B-Cell Non-Hodgkin Lymphoma,yes,United States,Duarte
NCT06703892,A Study to Evaluate the Safety and Clinical Activity of GF- CART01 (CD20/19 CAR T Cell) in Subjects With Relapsed or Refractory B-Cell Hematological Malignancies,no,Taiwan,Taipei
NCT07261163,"Obinutuzumab, Zanubrutinib, and Lenalidomide in First-line Treatment of Mantle Cell Lymphoma",no,China,Tianjin
NCT05990465,"LV20.19 CAR T-Cells in Combination With Pirtobrutinib for Relapsed, Refractory B-cell Malignancies",yes,United States,Milwaukee
NCT05370430,BAFFR-targeting CAR T Cells for Patients With Relapsed or Refractory B-NHL,no,United States,Duarte
NCT05418088,Genetically Engineered Cells (Anti-CD19/CD20/CD22 CAR T-cells) for the Treatment of Relapsed or Refractory Lymphoid Malignancies,no,United States,Columbus
NCT07309497,Pragmatic Geriatric Assessment Before CAR-T or Bispecific Antibody Therapy to Predict Side Effects and Outcomes in Older Patients (GA-ACT Trial),no,Switzerland,Zurich
NCT06752785,CD19/CD22 CAR-T Cell Therapy in MRD-Positive B-lineage Acute Lymphoblastic Leukemia in Children.,no,China,Guangzhou
NCT06047197,Phase I Clinical Trial of RC19D2 Cell Injection in the Treatment of Diffuse Large B-cell Lymphoma,no,China,Tianjin
NCT03081910,Autologous T-Cells Expressing a Second Generation CAR for Treatment of T-Cell Malignancies Expressing CD5 Antigen,no,United States,Houston
NCT05514327,A Study of Ultra-fraction Radiotherapy Bridging CART in R/R DLBCL,no,China,Beijing
NCT04532203,A Study of CAR-T Cells Therapy for Patients With Relapsed and/or Refractory Central Nervous System Hematological Malignancies,no,China,Hangzhou
NCT07259070,"Multicenter, Single-Arm Exploratory Phase I Clinical Study (Assessment of Safety and Efficacy) of Fully Human BAFF-R Chimeric Antigen Receptor T-Cell Injection in Relapsed/Refractory BAFF-R-Positive B-Cell Lymphoma",no,China,Tianjin
NCT07098364,ST-067 in Combination With CD19-Directed CAR T-Cell Therapy (Liso-cel) in Relapsed/Refractory Large B-Cell Lymphoma,no,United States,Seattle
NCT06735690,Allogeneic CMV-Specific CD19-CAR T Cells Plus CMV-MVA Triplex Vaccine After Matched Related Donor Hematopoietic Cell Transplant for the Treatment of Patients With High-Risk Acute Lymphoblastic Leukemia,no,United States,Duarte
NCT07587840,CD19/CD22 CAR-T as First-line Consolidation in Follicular Lymphoma,no,China,Beijing
NCT06395870,Targeting CD19/CD20 Dual-targeted Cell in Patients With Relapsed/Refractory B-cell Non-Hodgkin Lymphoma,no,China,Tianjin
NCT06996132,Bispecific Antibody-Based Salvage Therapy Followed by CAR-T ± ASCT in R/R Aggressive B-Cell Lymphoma,no,China,Tianjin
NCT07022964,CD5 CAR T-Cell Therapy for r/r T-cell Lymphomas,no,China,Shanghai
NCT06522932,PET Imaging Study of 64Cu-GRIP B for Patients Receiving CD19-directed CAR-T Therapy,no,United States,San Francisco
NCT05092451,Phase I/II Study of CAR.70- Engineered IL15-transduced Cord Blood-derived NK Cells in Conjunction With Lymphodepleting Chemotherapy for the Management of Relapse/Refractory Hematological Malignances,yes,United States,Houston
NCT05626400,Clinical Study of Senl-T7 CAR T Cells in the Treatment of Relapsed and Refractory CD7+ Acute T-ALL/T-LBL,no,China,Beijingcun
NCT07350863,U69-CART-Cells For R/R T-ALL,no,China,Suzhou
NCT06866873,CD-19 CAR-T Cell for Pediatric ALL or Lymphoma,no,Hong Kong,Hong Kong
NCT07070323,"A Multicenter, Open-Label, Non-Randomized, Single-Arm Clinical Study of Nanobody CD5-CAR T Cell Therapy for Refractory/Relapsed T Lymphocyte Malignancies",no,China,Chengdu
NCT07369492,Safety and Efficacy Study of BAFF-R CAR-T Cells in Adult Subjects With CD19-Negative Relapsed or Refractory B-Cell Lymphoma,no,China,Suzhou
NCT04300998,Study of CAR-T Therapy in Older Patients,no,United States,New York
NCT06191887,B-Cell Activating Factor Receptor (BAFFR)-Based Chimeric Antigen Receptor T-Cells With Fludarabine and Cyclophosphamide Lymphodepletion for the Treatment of Relapsed or Refractory B-cell Hematologic Malignancies,no,United States,Jacksonville
NCT06287528,A Study of 19-28z/IL-18 in People With Acute Lymphoblastic Leukemia (ALL),no,United States,Commack
NCT07143929,To Observe the CD7-targeted CAR-T Therapy in the Treatment of r/r PTCL,no,China,Beijing
NCT05705570,Clinical Trial Using CAR- T Cells for Treatment of Patients With Refractory or Relapsed CD19-positive B Lymphoid Malignancies,no,Brazil,São Paulo
NCT06633354,Targeting CD5 CAR-T Cells in the Treatment of r/r CD5+ T-ALL,no,China,Hangzhou
NCT07009002,BCOR and ZC3H12 Genes Knock-out CD19-targeting CAR-T Cell Therapy in r/r B Cell Lymphoma,no,China,Beijing
NCT04603872,CAR-T Cells Combined With Dasatinib for Patients With Relapsed and/or Refractory B-cell Hematological Malignancies,no,China,Hangzhou
NCT06854159,Odronextamab for the Treatment of Relapsed and Refractory Diffuse Large B-cell Lymphoma Before and After Chimeric Antigen Receptor T-cell Therapy,no,United States,Sacramento
NCT06486051,A Study of WZTL-002 CAR T-cells for Adults With Relapsed Large B-cell Lymphoma,no,New Zealand,Newtown
NCT06445803,CD19/CD22 CAR-T Cells in Adults With R/R ALL or NHL,yes,China,Nanchang
NCT06898905,Hyperfractionated Dual Equivalent Fractionated Radiation Therapy,no,United States,New Haven
NCT06909474,Clinical Trial of CD5-targeted CAR-NK Therapy for Relapse/Refractory T-Cell Hematologic Malignancies,no,China,Wuhan
NCT06765876,CART123 T Cells in Relapsed or Refractory CD123+ Hematologic Malignancies: A Dose Escalation Phase I Trial,no,Czechia,Prague
NCT06911710,The Application of CAR-T Cell Therapy in Relapsed and Refractory Malignant Hematologic Tumors,yes,China,Tianjin
NCT05098613,Preliminary Safety and Tolerability of CD19x22 CAR T Cells in Adolescent and Adult R/R B-NHL Patients,no,United States,Aurora
NCT07062627,Anbalcabtagene Autoleucel in Relapsed/Refractory CNS Lymphoma,no,South Korea,Seoul
NCT07288879,DALY II Japan/MB-CART2019.1 for DLBCL,no,Japan,Tokyo
NCT06892158,Massage Impact on Sleep in Pediatric Oncology,no,United States,Washington D.C.
NCT07489989,Enhancing CAR-T Cell Therapy Efficacy in B-cell Lymphoma Via Chidamide and PD-1 Inhibitor Combination.,no,China,Beijing
NCT07328503,"CD22 CAR T-cells to Extend Remission Following Commercial CD19 CAR T-cells in Children, Adolescents, and Adults With Relapsed/Refractory B-cell Acute Lymphoblastic Leukemia",no,United States,Bethesda
NCT05741359,The Safety and Efficacy of BRL-201 in the Treatment of r/r B Lymphocyte Non-Hodgkin Lymphoma,no,China,Tianjin
NCT07109518,uCD7 CART for Relapsed or Refractory CD7 Positive Hematologic Malignancies,no,China,Tianjin
NCT06227026,Pilot Study of Anti-CD19 Chimeric Antigen Receptor T Cells (CAR-T Cells) for the Treatment of Relapsed/Refractory CD19+ Malignancies,no,United States,Salt Lake City
NCT04094311,Study of Out of Specification for Tisagenlecleucel,no,Canada,Québec
NCT05702853,"Metabolically Fit CD19 CAR T-cell Therapy With CD34 Selection in Patients With CD19+ Relapsed/Refractory NHL, CLL/SLL",no,United States,Charleston
NCT06696846,CD70-CAR-NK Cell Therapy for T Cell Lymphoma and Acute Myeloid Leukemia,no,China,Hangzhou
NCT05991388,A Global Study of Novel Agents in Paediatric and Adolescent Relapsed and Refractory B-cell Non-Hodgkin Lymphoma,yes,United Kingdom,Manchester
NCT04661020,CD19 CAR-T Therapy for Patients With Newly Diagnosed High-risk Large B-cell Lymphoma,no,China,Hangzhou
NCT05436223,Human CD19 Targeted T Cells Injection(CD19 CAR-T) Therapy for Relapsed and Refractory B-cell Non-Hodgkin's Lymphoma,yes,China,Shanghai
NCT04440436,Assessment of Safety and Efficacy of IM19 for Recurrent or Refractory (R/R) Non-Hodgkin's Lymphoma(NHL) Patients,no,China,Beijing
NCT06633341,Targeting CD5 CAR-T Cells in the Treatment of r/r CD5+ T-lymphoma,no,China,Hangzhou
NCT06238648,Epcoritamab Compared to Observation for Treating B-cell Lymphoma Patients Not in Complete Remission After CD19-directed CAR-T Therapy,no,United States,Salt Lake City
NCT06408194,Autologous CD22 CAR T Cells Following Commercial CD19 CAR T Cells in B Cell Malignancies,no,United States,Palo Alto
NCT06690827,Clinical Trial of CD123-targeted CAR-NK Therapy for Relapse/refractory AML or BPDCN,no,China,Wuhan
NCT06294652,AGMT Austrian Lymphoma Registry,yes,Austria,Salzburg
NCT07066397,A Phase 1 Study of FIT-CD19-CAR-T Cells in R/R B-ALL,no,Taiwan,Taipei
NCT07502118,NexCAR19 (Talikabtagene Autoleucel) in Relapsed/Refractory B-Cell Malignancies (NexCAR19),no,Turkey (Türkiye),Ankara
NCT05826535,Study of Rondecabtagene Autoleucel in Aggressive Large B-Cell Lymphoma,yes,Australia,Perth
NCT06323525,TCR Reserved and Power3 (SPPL3) Gene Knock-out Allogeneic CD19-targeting CAR-T Cell Therapy in r/r B Cell Lymphoma,yes,China,Beijing
NCT06326463,CAR T-cell Therapy Directed to CD70 for Pediatric Patients With Hematological Malignancies,no,United States,Memphis
NCT02259556,CD30-directed Chimeric Antigen Receptor T (CART30) Therapy in Relapsed and Refractory CD30 Positive Lymphomas,yes,China,Beijing
NCT07306156,GP350 CAR-T for Relapse/Refractory and Epstein-Barr Virus Infection Associated Lymphoid Neoplasms,no,China,Hefei
NCT05909059,CAR T-cell Therapy in Patients With Renal Dysfunction,no,United States,Atlanta
NCT07343934,huCART19-IL18-eDHFR Cells in Relapsed/Refractory Follicular Lymphoma,no,United States,Philadelphia
NCT06698484,To Evaluate Safety and Efficacy of Autologous CD19 Chimeric Antigen Receptor (CAR)-T Cells in Relapsed/Refractory B- Non-Hodgkin Lymphoma (B-NHL),no,Malaysia,Bandar Tun Razak
NCT05338931,"Safety, Tolerability, and Efficacy of AT101 in Patients With Relapsed or Refractory B-cell Non-Hodgkin's Lymphoma",no,South Korea,Seoul
NCT02917083,"CD30 CAR T Cells, Relapsed CD30 Expressing Lymphoma (RELY-30)",yes,United States,Houston
NCT07280494,To Observe the CD7-targeted CAR-T Therapy in the Treatment of MRD Positive T-ALL/LBL Post Allo-HSCT,no,China,Beijing
NCT06043323,"A Phase II Study of Axicabtagene Ciloleucel, an Anti-CD19 Chimeric Antigen Receptor (CAR) Tcell Therapy, in Combination With Radiotherapy (RT) in Relapsed/Refractory Follicular Lymphoma",no,United States,Houston
NCT07371403,MB-CART19.1 in Relapsed/Refractory Acute Lymphoblastic Leukemia,no,Jordan,Amman
NCT05190653,Early Integration of Palliative and Supportive Care in Cellular Therapy,no,Canada,Calgary
NCT06080191,Allogeneic Second-generation CD19-CAR T Cells for Pediatric Relapsed/Refractory B-ALL,no,Italy,Rome
NCT05270096,International Leukemia Target Board,no,United Kingdom,Newcastle
NCT05442515,CD19/CD22 Bicistronic Chimeric Antigen Receptor (CAR) T Cells in Children and Young Adults With Recurrent or Refractory B Cell Malignancies,yes,United States,Bethesda
NCT05989204,TmCD19-IL18 in CD19+ Cancers,no,United States,Philadelphia
NCT04889716,CAR-T Followed by Bispecific Antibodies,no,United States,Omaha
NCT07471789,Safety and Efficacy of GYA01 (CART84) in Relapsed/Refractory (R/R) Acute Myeloid Leukemia (AML) and Acute Lymphoblastic T Leukemia Patients (T-ALL).,no,Spain,Valencia
NCT06056752,QH103 Cell Injection for the Treatment of Relapsed/Refractory B-cell Acute Lymphoblastic Leukemia,no,China,Hefei
NCT06208735,CLIC-2201 for the Treatment of Relapsed/Refractory B Cell Malignancies,yes,Canada,Toronto
NCT07538635,CAR-T Combined With ASCT in the Treatment of Relapsed/Refractory Large B-cell Lymphoma With High-risk Factors.,no,China,Hangzhou
NCT04484012,Modified Immune Cells (CD19 CAR T Cells) and Acalabrutinib for the Treatment of Relapsed or Refractory Mantle Cell Lymphoma,no,United States,Duarte
NCT07312630,Clinical Study of LV009 Injection for the Treatment of Relapsed/Refractory CD19-Positive Hematologic and Lymphoid Malignancies,yes,China,Hefei
NCT06508775,Long-Term Follow-up of Patients Treated With Miltenyi Cell and Gene Therapies,yes,Germany,Erlangen
NCT06756321,A Study of CAR T-Cells in Relapsed/Refractory Hematologic Malignancy,no,China,Nantong
NCT07188558,A Study to Investigate Ronde-cel Versus Investigator's Choice CD19 CAR T-Cell Therapy,yes,United States,Chicago
NCT06144606,Study of KTE-X19 in Minimal Residual Disease (MRD) Positive B-Cell Acute Lymphoblastic Leukemia (B-ALL),no,United States,Tampa
NCT05334823,A Study of pCAR-19B in the Treatment of CD19-positive Relapsed/Refractory B-ALL in Children and Adolescents,no,China,Beijing
NCT06316856,CD5 Chimeric Antigen Receptor (CAR) T Cells in Subjects With Relapsed or Refractory T-cell Malignancies,no,China,Chengdu
NCT05948033,CD70 Targeted CAR-T Cells in CD70 Positive Relapsed/Refractory Lymphoma,yes,China,Beijing
NCT06880913,Nanobody-Based CD19/CD22 Tandem Dual CAR-T Therapy for R/R B-ALL,no,China,Beijing
NCT03829540,CD4CAR for CD4+ Leukemia and Lymphoma,no,United States,Miami
NCT05256641,Acalabrutinib Maintenance for the Treatment of Patients With Large B-cell Lymphoma,no,United States,Los Angeles
NCT05836896,A Phase I Trial to Establish the Safety and Maximum Tolerated Dose of High-affinity Autologous BCMA-targeting Chimeric Antigen Receptor (CAR) T-cells in Patients With Relapsed and Refractory B-cell Malignancies,no,Germany,Dresden
NCT04150497,Phase 1/2 Study of UCART22 in Patients With Relapsed or Refractory CD22+ B-cell Acute Lymphoblastic Leukemia (BALLI-01),no,United States,Chicago
NCT06006403,Safety and Efficacy of CD123-targeted CAR-NK for Relapsed/Refractory Acute Myeloid Leukemia or Blastic Plasmacytoid Dendritic Cell Neoplasm,no,China,Taiyuan
NCT04914091,Quality Of Life and Drug Use in Patients With CAR-T Cells,no,France,Pierre-Bénite
NCT06777979,CD19-CD22-Bispecific Chimeric Antigen Receptor (CAR) T Cell Therapy for Pediatric Patients With Acute Lymphoblastic Leukemia,no,United States,Memphis
NCT06167785,A Study to Evaluate Zanubrutinib and Tislelizumab in Progressive Lymphoma Post CAR-T,no,Canada,Toronto
NCT04223765,Study of Kappa Chimeric Antigen Receptor (CAR) T Lymphocytes Co-Expressing the Kappa and CD28 CARs for Relapsed/Refractory Kappa+ Non-Hodgkin Lymphoma and Chronic Lymphocytic Leukemia/Small Lymphocytic Lymphoma.,no,United States,Chapel Hill
NCT07008885,BCOR and ZC3H12 Genes Knock-out CD19-targeting CAR-T Cell Therapy in r/r B-ALL,no,China,Beijing
NCT07108868,A Phase I Dose Finding Study of MB-CART2219.1,no,Germany,Tübingen
NCT06822868,A Clinical Study Exploring CT1190B in the Treatment of Patients With Relapsed/Refractory B-cell Non-Hodgkin Lymphoma,yes,China,Beijing
NCT06209619,CC-99282 + Rituximab Early Post CART for Non-Hodgkin's Lymphoma,yes,United States,Columbus
NCT06343090,Clinical Trial of CD19 and CD22 CAR Sequential Therapy Versus Single CD19 CAR Bridging to HSCT for r/r B-ALL Patients,no,China,Beijing
NCT06716164,Safety and Efficacy of Metabolically Armed CD19 CAR-T Cells (Meta10-19) in the Treatment of r/r B-NHL Clinical Research,yes,China,Hangzhou
NCT07429461,Clinical Study of SYNCAR-100 in the Treatment of Relapsed/Refractory Acute B-Lymphoblastic Leukemia,no,China,Hangzhou
NCT05625594,Intracerebroventricular Administration of CD19-CAR T Cells (CD19CAR-CD28-CD3zeta-EGFRt-expressing Tn/Mem T-lymphocytes) for the Treatment of Central Nervous System Lymphoma,no,United States,Duarte
NCT06503094,CD19 & CD20 Bispecific CAR T Cells for Relapsed / Refractory B Cell Hematological Tumors,no,China,Wuhan
NCT06874946,Nanobody-Based Anti-CD5 CAR-T for Relapsed/Refractory T-ALL/NHL,no,China,Beijing
NCT03375619,Long-term Follow-up Study of Patients Receiving CAR-T Cells,no,United States,Milwaukee
NCT06478381,L218CAR19 in Patients With Relapsed/Refractory B-cell Lymphoma,no,China,Zhengzhou
NCT04083495,CD30 CAR for Relapsed/Refractory CD30+ T Cell Lymphoma,no,United States,Chapel Hill
NCT05333302,Pilot CAR-T Cells Therapy for Children/Young Adults With CD19+ R/R Leukemia/Lymphoma,no,Belarus,Minsk
NCT06643221,Exercise as an Immune Adjuvant for Allogeneic Cell Therapies,no,United States,Tucson
NCT07055477,A Phase I Trial Anti-CC Chemokine Receptor 4 Chimeric Antigen Receptor T Cells (CCR4 CAR T Cells) for CCR4 Expressing T-cell Malignancies Including Peripheral T-cell Non-Hodgkin Lymphoma (PTCL) and Cutaneous T-cell Non-Hodgkin Lymphoma (CTCL),yes,United States,Bethesda
NCT04836507,Study of Efficacy and Safety of CRC01 in Adult Large B-cell Lymphoma Patients,no,South Korea,Seoul
NCT05464719,A Phase II Study of Loncastuximab Tesirine as Consolidation Strategy in Patients With LBCL in PR After CAR T-cell Therapy,no,United States,Houston
NCT06446128,A Dose Escalating Study of CD19/CD22/BCMA CAR-T Therapy in Relapsed or Refractory B Cell Non-Hodgkin Lymphoma(NHL),yes,China,Shanghai
NCT05421663,A Study of JNJ-90014496 in Participants With B-Cell Non-Hodgkin Lymphoma,no,United Kingdom,London
NCT07223021,A Study of Fludarabine Dosing in Children and Young Adults With B-cell Acute Lymphoblastic Leukemia,no,United States,Cincinnati
NCT03938987,"Anti-CD19, Dual Co-stimulatory (4-1BB, CD3ζ) Chimeric Antigen Receptor T-cells in Patients With Relapsed/Refractory Aggressive Lymphoma or Acute Lymphoblastic Leukemia (ALL)",yes,Canada,Calgary
NCT06783816,A Novel CAR-T Combined Expression of IL-15 in the Treatment of Malignant Hematological Tumors,yes,China,Taiyuan
NCT06026319,CD79b-19 CAR T Cells in Non-Hodgkin Lymphoma,yes,United States,Boston
NCT06838832,Novel Allogenic CD19-targeting CAR-γδT Cell Therapy (QH103E) in r/r NHL,yes,China,Beijing
NCT06696833,Allogeneic CD19-targeted CAR-γδT Cell Infusion Therapy in Relapsed/Refractory B Cell Acute Lymphoblastic Leukemia,no,China,Suzhou
NCT06879340,Evaluating the Safety and Efficacy of DuoCAR20.19.22-D95 in Adult Patients With Relapsed or Refractory B-cell Malignancies,yes,United States,Westwood
NCT06052826,"Geriatric Assessment Guided Interventions to Accelerate Functional Recovery After CAR-T Therapy for Patients 60 Years and Older With B-cell Non-Hodgkin Lymphoma or Multiple Myeloma, GOCART Study",yes,United States,Duarte
NCT06830031,Clinical Study of C402-CD19-CAR Treatment in Subjects With Relapsed or Refractory B-cell Lymphoma,no,China,Tianjin
NCT07321301,Polymer-lipid Particle-delivered CAR1920 mRNA CAR-T Therapy for Relapsed/Refractory B-cell Lymphoma/Leukemia,no,China,Beijing
NCT06218602,Pilot Trial of Fecal Microbiota Transplantation for Lymphoma Patients Receiving Axicabtagene Ciloleucel Therapy.,no,United States,Houston
NCT05773040,A Phase 1 Study of JV-213 Autologous CD79b-targeting Chimeric Antigen Receptor T-cell Therapy in Adults With Relapsed or Refractory B-cell Lymphomas,no,United States,Houston
NCT07078929,Clinical Trial of CMD63 Chimeric Antigen Receptor T-cell (CAR T-cell) in Children With Acute Lymphoblastic Leukemia (ALL),no,Thailand,Chiang Mai
NCT07606937,A Study of Automated Axicabtagene Ciloleucel for R/R Large B-cell Lymphoma.,no,China,Shanghai
NCT05326243,Phase 1/2 Study of CD19 Chimeric Antigen Receptor T-cell (CD19 CAR-T; PL001) for Relapsed or Refractory B-cell Lymphoma,no,Taiwan,Tainan
NCT06707259,Clinical Study of Cord Blood-derived IL-10/IL-15 CD19-CAR NK in the Treatment of Refractory/Relapsed B-cell NHL,yes,China,Hangzhou
NCT06550141,Emapalumab Prevention of CAR-T Cell Associated Toxicities,yes,United States,Boston
NCT06610344,BHB & CAR-T for Lymphomas,no,United States,Philadelphia
NCT06173518,A Study of CD19 Targeted CAR T Cell Therapy in Pediatric Patients With Relapsed or Refractory B Cell Acute Lymphoblastic Leukemia (B ALL) and Aggressive Mature B-cell Non-Hodgkin Lymphoma (B NHL),yes,United Kingdom,London
NCT05310591,"Combination of an Anti-PD1 Antibody With Tisagenlecleucel Reinfusion in Children, Adolescents and Young Adults With Acute Lymphoblastic Leukemia After Loss of Persistence",no,France,Montpellier
NCT06532643,Safety and Efficacy of Anti-CD20/CD30 CAR-T Cells in Subjects with Relapsed/Refractory Lymphoma,yes,China,Hefei
NCT07382817,Phase 1 Study of JV-394 Autologous Anti-CD94 CAR T for r/r CD94+ T/NK Cell Neoplasms,no,United States,Houston
NCT07454226,ABL/JAK Inhibitors With Chemotherapy and Venetoclax for Ph-like ALL,no,China,Tianjin
NCT06940960,JY231(JY231) Injection for the Treatment of Relapsed/Refractory B Cell Lymphoma/ Leukemia,yes,China,Guangzhou
NCT05038696,ALaCART-B: Acute Leukemia and Chimeric Antigen Receptor-T Cell Therapy for B-lymphoblastic Leukemia.,no,Singapore,Singapore
NCT06071871,"A Trial of Polatuzumab Vedotin, Obinutuzumab and Glofitamab As a Peri-CAR-T Cell Treatment Strategy in Large B-cell Lymphoma",no,United Kingdom,Oxford
NCT05620680,CD7 CAR-T Cells in T-cell Lymphoma/Leukemia,no,China,Shenzhen
NCT07300683,Anti-CCR9 CAR T Cells for T Cell Leukaemia/Lymphoma,no,United Kingdom,London
NCT06395103,Substudy 01A: Zilovertamab Vedotin in Pediatric and Young Adult Participants With Hematologic Malignancies or Solid Tumors (MK-9999-01A/LIGHTBEAM-U01),no,United Kingdom,London
NCT06317662,Testing the Addition of the Anti-cancer Drug Venetoclax and/or the Anti-cancer Immunotherapy Blinatumomab to the Usual Chemotherapy Treatment for Infants With Newly Diagnosed KMT2A-rearranged or KMT2A-non-rearranged Leukemia,no,United States,Dallas
NCT06389305,CIK Cell Therapy for Relapsed or Refractory Acute B-Lymphoblastic Leukemia: Prognostic Impact on Patients With Early CAR-T Cell Dysfunction,no,China,Beijing
NCT05674175,Co-administration of CART22-65s and huCART19 for B-ALL,no,United States,Philadelphia
NCT05281809,Local Manufacture of CAR T-Cell Products for the Treatment of B-Cell Lymphoma and B-Acute Lymphoblastic Leukemia,no,United States,Pittsburgh
NCT05800977,A Study of C-CAR039 (Prizloncabtagene Autoleucel) in Patients With Relapsed/Refractory Large B-Cell Lymphoma,no,China,Nanjing
NCT06902012,Safety and Efficacy of Early Second Infusion of Axi-cel Based on ctDNA for R/R Large B - Cell Lymphoma,no,China,Guangzhou
NCT05237986,Cognitive Aftereffects of Neurotoxicity in Children and Young Adults With Relapsed/Refractory Hematologic Malignancies Who Receive CAR T-cell Therapy,no,United States,Los Angeles
NCT06927466,"A Clinical Study to Evaluate the Safety, Tolerability, and Preliminary Efficacy of B019 Injection in Subjects With Relapsed or Refractory B-cell Acute Lymphoblastic Leukemia.",no,China,Shanghai
NCT06581081,Bridging Allogeneic Hematopoietic Stem Cell Transplantation or Not After CD19 CAR - T (S1904) Cell Therapy for r/r B-cell Acute Lymphoblastic Leukemia,no,China,Beijing
NCT07398963,Clinical Study of Oncolytic Vaccinia VIrus Delivering Targeted CD19 in Vivo CAR-T/M Therapy for Refractory/Relapsed B-cell Lymphoma,no,China,Hangzhou
NCT06732492,RD13-02 Cell Injection in Patients with Relapsed or Refractory CD7-Positive Natural Killer/T Cell Malignancies,no,China,Wuhan
NCT04532281,A Study of Murine CD19 CAR-T Therapy for Patients With Relapsed or Refractory CD19+ B-cell Hematological Malignancies,no,China,Hangzhou
NCT04290000,Collection of Biological Samples From Patients Treated With CAR-T Cells for Hematological Malignancies,no,France,Montpellier
NCT05432635,Genetically Modified T-cells (CMV-Specific CD19-CAR T-cells) Plus a Vaccine (CMV-MVA Triplex) Following Stem Cell Transplantation for the Treatment of Intermediate or High Grade B-cell Non-Hodgkin Lymphoma,yes,United States,Duarte
NCT07523555,Adaptive Dual-Target CAR-T Cells for Relapsed or Refractory Hematologic Malignancies,yes,China,Shenzhen
NCT07344818,An Open and Dose-escalation Early Clinical Study of CD19 and CD20 CAR-T Cell Therapy for Relapsed or Refractory Aggressive B-cell Lymphoma,no,China,Beijing
NCT07048535,"CAR T-cell Long-Term Follow-Up, Quality of Life and Adverse Reactions",no,United States,Memphis
NCT04532268,A Study of Humanized CD19 CAR-T Cells Therapy for Patients With Relapsed and/or Refractory B-cell ALL and B-cell NHL,no,China,Hangzhou
NCT06743503,UB-VV400 in Combination With Rapamycin in Relapsed or Refractory B-cell Malignancies,no,China,Tianjin
NCT06420076,Sequential CAR-T Cells Therapy for CD5/CD7 Positive T-cell Acute Lymphoblastic Leukemia and Lymphoblastic Lymphoma Using CD5/CD7-Specific CAR-T Cells,no,China,Beijing
NCT06045910,A Phase I/II Trial of ALETA-001 for the Treatment of Participants With B-cell Malignancies,yes,United Kingdom,Cambridge
NCT05725720,Role of the Gut Microbiome in the Outcome of Diffuse Large B-Cell Lymphoma Patients Treated With CAR-T Cell Therapy,no,Italy,Bologna
NCT07166419,"Anti-CD19/20/22 Chimeric Antigen Receptor T Cells (TriCAR19.20.22 T Cells) for the Treatment of Relapsed or Refractory Non-Hodgkin Lymphoma, Acute Lymphoblastic Leukemia, and Chronic Lymphocytic Leukemia",yes,United States,Columbus
NCT02443831,CARPALL: Immunotherapy With CD19+CD22 CAR T-cells for CD19+ and CD22+ Acute Lymphoblastic Leukaemia,no,United Kingdom,London
NCT06544265,SynKIR-310 for Relapsed/Refractory B-NHL,yes,United States,Atlanta
NCT07077512,Relmacabtagene Autoleucel Combined With Sintilimab for Relapsed/Refractory B-cell Lymphoma,no,China,Guangzhou
NCT06718244,Inaticabtagene Autoleucel (Inati-cel; CNCT19) Treatment for MRD-Positive B-ALL Patients in CR1,no,China,Shanghai
NCT07451054,CD45BE-HSPC + CART-45 Cells,yes,United States,Philadelphia
NCT07101705,"An Open-label, Single-arm Clinical Study to Evaluate the Safety and Preliminary Efficacy of OriV508 Injection in Treating Relapsed/Refractory Hematological Malignancies",yes,China,Wuhan
NCT06768905,IOMAB-CAR-T Followed by CAR-T Cell Therapy in R/R DLBCL,yes,United States,Dallas
NCT05618041,The Safety and Efficay Investigation of CAR-T Cell Therapy for Patients With Hematological Malignancies,no,China,Taiyuan
NCT07131254,A Clinical Study Evaluating the Safety and Efficacy of GT719 Universal Cell Injection in Adult Participants With Relapsed/Refractory CD19-positive B-cell Malignant Hematological Tumors,yes,China,Ganzhou
NCT06608342,Autologous Hematopoietic Stem Cell Transplantation Combined With CD19-CART Treatment of Adult High-risk Acute Lymphoblastic Leukemia,no,China,Tianjin
NCT07220993,Novel Unedited Allo Cell Therapy For High Risk T-Cell Malignancies Using CD7-Specific Car T Cells,yes,United States,Houston
NCT07400029,A Study of Obecabtagene Autoleucel in People With B-cell Acute Lymphoblastic Leukemia,no,United States,Commack
NCT07249528,A Study of Voice as a Way to Monitor for Side Effects in People Receiving CAR T-Cell Therapy,yes,United States,Commack
NCT06916767,Phase 1 Study of BAFF CAR-T Cells (LMY-920) for Treatment of Relapsed or Refractory Chronic Lymphocytic Leukemia / Small Lymphocytic Lymphoma,yes,United States,Cleveland
NCT06104592,Single-Arm Comprehensive Ablative Bridging Irradiation I Prior to CD19 CAR-T In High-Risk R/R LBCL,yes,United States,Tampa
NCT05480449,Autologous HuCART19 T Cells Manufactured Using the CliniMACS Prodigy Platform for Pediatric B-ALL (huCART19 Prodigy),no,United States,Philadelphia
NCT06784726,Odronextamab for Relapsed and Refractory Large B-cell Lymphomas Before CAR-T,yes,United States,Seattle
NCT06678282,JY231(JY231) Injection for the Treatment of Relapsed or Refractory B Cell Lymphoma/ Leukemia,no,China,Zhenzhou
NCT06985485,Full-Course Immunotherapy Consolidation for Unfit or Fit B-ALL Who Decline Chemotherapy,no,China,Suzhou
NCT06081478,CD19/CD22 Bispecific CAR-T Cell Therapy for Relapsed/Refractory B-cell Lymphoma or Acute Lymphoblastic Leukemia,no,China,Beijing
NCT03937544,Intravenous Autologous CD19 CAR-T Cells for R/R B-ALL,no,Malaysia,Bandar Tun Razak
NCT06503211,"On the Safety, Tolerability, and Efficacy of UTAA09 Injection in the Treatment of Lymphoma",yes,China,Hefei
NCT06015880,"Testing the Combination of Anti-cancer Drugs Mosunetuzumab, Polatuzumab Vedotin, and Lenalidomide for the Treatment of Relapsed/Refractory Diffuse Large B-Cell Lymphoma",no,United States,Chicago
NCT06758713,Safety and Efficacy of Fourth-Generation CAR-T in the Treatment of Hematologic Malignancies,no,China,Guangzhou
NCT06116110,Lentiviral Gene Therapy (Zamtocabtagene Autoleucel) LTFU,yes,United States,Baltimore
NCT06785818,Long-term Follow up Local Registry Study of Kymriah in South Korea,no,South Korea,Bundang Gu
NCT06481228,Efficacy and Safety of TKI Combined With Chemotherapy and Sequential CAR-T Cells in ND Adult Patients With Ph+ ALL,no,China,Tianjin
NCT06514794,"A Phase 2 Study of WU-CART-007, an Anti-CD7 Allogeneic CAR-T Cell Therapy in T-Cell Acute Lymphoblastic Leukemia and Lymphoblastic Lymphoma (T-RRex)",no,Australia,Melbourne
NCT05641428,Comparison of Point-of-care Produced CAR T-cell with Commercial CAR T-cells in Patients with R/R LBCL,no,Netherlands,Maastricht
NCT07575919,Targeted CD22/CD19 CAR-T Therapy for Consolidation in Standard-Risk B-ALL,no,China,Beijing
NCT07053670,A Clinical Study Exploring CT1190B in the Treatment of Patients With Relapsed/Refractory B-cell Non-Hodgkin Lymphoma ( CT1190B-CG11001 ),yes,China,Wuhang
NCT05633615,Testing Drug Treatments After CAR T-cell Therapy in Patients With Relapsed/Refractory Diffuse Large B-cell Lymphoma,no,United States,Chicago
NCT05659628,CD19 CAR-T Expressing IL-7 and CCL19 Combined With Anti-PD1 in RR-DLBCL,no,China,Hangzhou
NCT06334991,Study for Subjects With Relapsed/Refractory Non-Hodgkin Lymphoma,yes,South Africa,Bloemfontein
NCT07479797,Study Evaluating the Efficacy of KITE-753 Versus Axicabtagene Ciloleucel in Participants With Relapsed or Refractory Large B-Cell Lymphoma After First-Line Therapy,no,United States,Stanford
NCT05607420,Study Evaluating UCART20x22 in B-Cell Non-Hodgkin Lymphoma,no,Spain,Seville
NCT06458439,Epcoritamab-CAR T Cells for Large B-cell Lymphomas,yes,United States,Philadelphia
NCT07070219,A Study of CTD402 in T-ALL/LBL Patients,no,United States,Chicago
NCT05054257,CART19 Cells Effects in Patients with Relapsed or Refractory Acute Lymphoblastic Leukemia and Non-Hodgkin's Lymphoma,no,Czechia,Prague
NCT07575971,Exploratory Study of CD22/CD19 Dual-Target CAR-T Cell Therapy as Consolidation Treatment After First Remission in High-Risk B-Cell Acute Lymphoblastic Leukemia,no,China,Beijing
NCT06867536,Hypofractionation Radiotherapy in Combination With Glofitamab in Relapsed/Refractory Diffuse B-cell Lymphoma With Baseline High Tumor Burden,no,China,Wuhan
NCT07003295,"Testing the Anti-cancer Drug, Glofitamab, in Patients With Mantle Cell Lymphoma (A Type of Blood Cancer) Whose Disease Returned After CAR-T Cell Therapy",no,United States,Duarte
NCT06464861,Sequential Treatment of CD19 CARNK and 7x19 CAR-T in R/R B Cell Lymphoma,no,China,Hangzhou
NCT05869279,Allogeneic CARCIK-CD19 in Adults/Pediatric B-cell NHL or Chronic Lymphocytic Leukemia,no,Italy,Bergamo
NCT04512716,Iomab-ACT: A Pilot Study of 131-I Apamistamab Followed by CD19-Targeted CAR T-Cell Therapy for Patients With Relapsed or Refractory B-Cell Acute Lymphoblastic Leukemia or Diffuse Large B-Cell Lymphoma,no,United States,Commack
NCT06101381,CD19-directed CAR-T Cell Therapy for R/R Acute Leukemia and Lymphoma,yes,Brazil,São Paulo
NCT04920617,"DPX-Survivac and Pembrolizumab With and Without Intermittent Low-Dose Cyclophosphamide, in Subjects With Relapsed/Refractory Diffuse Large B-Cell Lymphoma",no,Spain,Seville
NCT06876688,Relma-cel Followed by Tislelizumab for the Treatment of Relapsed/Refractory CNS Large B-Cell Lymphoma,no,China,Henan
NCT07066982,Sequential Infusion of CD146-Targeted and HER2-Targeted CAR T Cells in Patients With Advanced Sarcomas,no,China,Beijing
NCT06534060,MB-105 in Patients With CD5 Positive T-cell Lymphoma,no,United States,Iowa City
NCT06313957,A Study of LUCAR-20SP in Subjects With Relapsed/Refractory B-cell Non-Hodgkin Lymphoma,yes,China,Beijing
NCT07473167,Study of Safety and Efficacy of TC011 in the Relapsed/Refractory Large B Cell Non-Hodgkin Lymphoma Patients,yes,South Korea,Seoul
NCT07548697,"A Clinical Study Exploring the Safety, Efficacy and Metabolic Kinetics of CT1182 Injection in Patients With Relapsed / Refractory Non Hodgkin Lymphoma",yes,China,Wuhan
NCT07254754,Study to Evaluate the Efficacy of Axicabtagene Ciloleucel in Patients With Late Relapse of Diffuse Large B-Cell Lymphoma,no,Spain,Barcelona
NCT07194980,Nemtabrutinib and Lisocabtagene Maraleucel for the Treatment of Relapsed/Refractory Chronic Lymphocytic Leukemia/Small Lymphocytic Lymphoma,no,United States,Seattle
NCT06847269,"CAR T CELL Therapy for Pediatric, Adolescent and Young Adult Patients With CD19-Positive Leukemia",no,United States,Memphis
NCT06340737,AutologousCD22 Chimeric Antigen Receptor (CAR)T Cells in w/Recurrent/Refractory B Cell Lymphomas,no,United States,Palo Alto
NCT06319430,Technology in Play for Children With Physical Disabilities: the Dice Model of Play,no,Canada,Winnipeg
NCT06699771,"Phase 1 to Investigate the Safety, Tolerability, and Efficacy of GCC2005 in Patients With R/R NK and T-cell Malignancies",no,South Korea,Seoul
NCT06925464,CD7 CAR T-Cell Therapy for r/r T-cell Lymphomas,yes,China,Shanghai
NCT06734871,A Clinical Study Exploring CT1190B in the Treatment of Patients with Relapsed/refractory B-cell Non-Hodgkin Lymphoma,yes,China,Shanghai
NCT05210907,Clinical Study of Hospital-manufactured CD19 CAR-T in Children and Adolescents With Acute Lymphoblastic Leukemia,no,South Korea,Seoul
NCT06834373,Golcadomide and Rituximab as Bridging Therapy for Relapsed or Refractory Aggressive B-cell Non-Hodgkin Lymphoma Before CAR T-cell Therapy,yes,United States,Rochester
NCT06439173,Study of the Hematopoietic Niche and the Role of Inflammation in the Pathophysiology of Cytopenias After CAR-T Cell Therapy: Potential of Therapies Directed to Repair the Bone Marrow Microenvironment,no,Spain,Salamanca
NCT05366569,Bio-CAR-T BS Study,no,Italy,Brescia
NCT06553872,Phase 2 Open Label Randomized Study of Pirtobrutinib and Brexucabtagene Autoleucel in R/R MCL,no,United States,Tampa
NCT06508931,Safety and Efficacy Study of Zamtocabtagene Autoleucel (MB-CART2019.1) in Pediatric Patients With R/R B-Cell Neoplasms,no,Italy,Rome
NCT06593145,CAR T Cells in the Treatment of Refractory and Relapsed CD19+ B Cell Neoplasms,no,Poland,Warsaw
NCT07532525,Pomalidomide After CAR T-cell Therapy for the Treatment of Relapsed or Refractory CD19+ B-cell Leukemia or Lymphoma,yes,United States,Ann Arbor
NCT06339255,Italian Observational Study on CAR-T Therapy for Lymphoma,no,Italy,Milan
NCT05852717,"Safety and Efficacy of Epcoritamab With Gemcitabine, Dexamethasone, and Cisplatin (GDP) Salvage Chemotherapy in Relapsed Refractory Large B-cell Lymphoma",no,United States,Dallas
NCT07188610,PA3-17 Injection in Adult Patients With CD7-positive Relapsed/Refractory T-lymphoblastic Leukemia/Lymphoma,no,China,Nanjing
NCT07239323,In VIVO CAR-T Therapy for Relapsed/Refractory Hematological Malignancies,yes,China,Kunming
NCT04288726,Allogeneic CD30.CAR-EBVSTs in Patients With Relapsed or Refractory CD30-Positive Lymphomas,yes,United States,Houston
NCT07271121,Study of CART Cell (MB-CART19.1) in Patients With Relapsed or Refractory CD19 Positive NHL,yes,Jordan,Amman
NCT05648019,CD19-Directed Chimeric Antigen Receptor (CAR) T-Cell Therapy for Relapsed/Refractory B-Lineage Leukaemia / Lymphoma - A Feasibility Protocol,no,Singapore,Singapore
NCT07255963,"Pirtobrutinib, Lisaftoclax, and Rituximab in the Treatment of R/R DLBCL",no,China,Suzhou
NCT06179524,CAR-T-19 Injection in the Treatment of CD19-positive Relapsed/Refractory B-ALL,no,China,Tianjin
NCT06420089,CD5-deleted Chimeric Antigen Receptor Cells (Senza5 CART5) for T Cell Non-Hodgkin Lymphoma (NHL),yes,United States,Philadelphia
NCT06796517,Immunotherapy in Lymphoma,no,South Korea,Seoul
NCT06689917,JY231(JY231) Injection for the Treatment of Relapsed or Refractory B Cell Lymphoma/ Leukemia,no,China,Wuhan
NCT04186520,CAR-20/19-T Cells in Patients With Relapsed Refractory B Cell Malignancies,no,United States,Milwaukee
NCT06994169,Glofitamab in Real Life,no,France,Dunkirk
NCT07153068,SupCD7 CART for Relapsed or Refractory CD7 Positive Hematologic Malignancies,no,China,Tianjin
NCT06326008,"Safety, Tolerability, and Pharmacokinetics of Donor-derived CD19 CAR Therapy Bridged Allo-HSCT and Sequential Donor-derived CD22 CAR Therapy for r/r B-ALL: a Clinical Trial",no,China,Beijing
NCT04792489,DALY II USA/ MB-CART2019.1 for DLBCL,no,United States,Chicago
NCT07390071,Multimodal Telerehabilitation in Patients Undergoing CAR-T Cell Immunotherapy,no,United States,Salt Lake City
NCT06365671,CAR-T Following ASCT for Relapsed/Refractory B-Cell Non-Hodgkin's Lymphoma (R/R B-NHL) With High-Risk Prognostic Factors,yes,China,Shanghai
NCT06120166,Safety and Efficacy of Metabolically Armed CD19 CAR-T Cells (Meta10-19) in the Treatment of r/r DLBCL Clinical Research,no,China,Hangzhou
NCT07472972,Dynamic Individualized Risk Profiling of Patients With Relapsed/Refractory Lymphoid Malignancies and CD19-CAR T Cell Therapy (INTeRCePT 2.0),no,Switzerland,Zurich
NCT03765177,CLIC-1901 for the Treatment of Patients With Relapsed/Refractory CD19 Positive Hematologic Malignancies,yes,Canada,Vancouver
NCT07059741,Integrated Radiotherapy-optimized ASCT Sequential CAR-T Therapy for Patients With Relapsed and Refractory B-NHL,yes,China,Suzhou
NCT06834529,CAR2219 CAR-T Cells for the Treatment of R/R B Cell Leukemia and Lymphoma,no,China,Beijing
NCT07508605,Efficacy and Safety of CD19/CD20 CAR/TRuC-T in Relapsed/Refractory B-Cell Lymphoma,no,China,Shenzhen
NCT05631886,Combination of CAR-DC Vaccine and ICIs in Malignant Tumors,no,China,Beijing
NCT06500273,Consolidation of First-Line MRD+ Remission With Cema-cel in Patients With LBCL,no,Australia,Hobart
NCT06014073,TRAC and Power3 (SPPL3) Genes Knock-out Allogeneic CD19-targeting CAR-T Cell Therapy in r/r B-NHL,no,China,Beijing
NCT06414148,MRD-Directed Consolidation With Epcor-only or Epcor-R2 Post Anti-CD19 CAR TCell Therapy for Large B-Cell Lymphoma,no,Australia,Murdoch
NCT06967038,Chimeric Antigen Receptor Natural Killer Cell Therapy for High-risk Lymphoma Patients With Primary Sjogren's Syndrome,no,China,Shanghai
NCT06180174,Clinical Research of CD19 Targeted CAR-T Cell in Relapsed/Refractory B Cell Lymphoma,yes,China,Beijing
NCT05643742,A Safety and Efficacy Study Evaluating CTX112 in Subjects With Relapsed or Refractory B-Cell Malignancies,no,Australia,Nedlands
NCT07260812,KSV01 Injection for the Treatment of Relapsed/Refractory Diffuse Large B-Cell Lymphoma,yes,China,Wuhan
NCT06090864,ATLCAR.CD30.CCR4 for CD30+ HL ATLCAR.CD30.CCR4 Cells,yes,United States,Chapel Hill
NCT06494371,A Study of LCAR-HL30 in Subjects With Relapsed/Refractory Hodgkin's Lymphoma and Anaplastic Large Cell Lymphoma,yes,China,Shanghai
NCT07042438,Fecal Microbiome Transplant to Remodel Intestinal Microbiota for Patients With Relapsed or Refractory Lymphoma With Exposure to High-Risk Antibiotics Who Are Receiving Chimeric Antigen Receptor T Cells,no,United States,Duarte
NCT06213636,Fourth-gen CAR T Cells Targeting CD19/CD22 for Highly Resistant B-cell Lymphoma/Leukemia (PMBCL/CNS-BCL).,yes,China,Beijing
NCT06793241,Donor Derived CD19 CAR-T Cells in the Treatment of R/R B-cell Acute Lymphoblastic Leukemia,no,China,Hangzhou
NCT06481241,Efficacy and Safety of Chemotherapy Combined With CAR-T Cells in Newly Diagnosed Adult Patients With Ph- B-ALL,no,China,Tianjin
NCT06709469,"Phase I Clinical Trial of CART Cell Therapy for Refractory/Relapsed Acute Lymphoblastic Leukemia in Children, Adolescents and Young Adults",no,Spain,Madrid
